"Domain","Available","Premium","Price"
"dontmail.app","available","","€5.93"
"dontmail.co","available","","€10.61"
"dontmail.net","available","","€10.61"
"dontmail.pro","available","","€3.38"
"dontmail.shop","available","","€0.83"
"dontmail.xyz","available","","€1.70"
"dontmail.us","available","","€5.08"
"dontmail.biz","available","","€7.21"
"dontmail.my","available","","€2.53"
"dontmail.now","available","","€21.23"
"dontmail.one","available","","€3.38"
"dontmail.you","available","","€13.58"
"dontmail.online","available","","€0.83"
"dontmail.site","available","","€0.83"
"dontmail.live","available","","€2.53"
"dontmail.top","available","","€2.53"
"dontmail.ad","available","","€18.68"
"dontmail.asia","available","","€1.68"
"dontmail.bz","available","","€18.68"
"dontmail.ca","available","","€10.18"
"dontmail.cc","available","","€5.08"
"dontmail.ch","available","","€16.13"
"dontmail.cv","available","","€12.73"
"dontmail.cx","available","","€16.98"
"dontmail.cymru","available","","€11.03"
"dontmail.de","available","","€5.93"
"dontmail.es","available","","€16.13"
"dontmail.eu","available","","€5.08"
"dontmail.fr","available","","€15.28"
"dontmail.id","available","","€19.53"
"dontmail.im","available","","€4.23"
"dontmail.in","available","","€8.48"
"dontmail.lat","available","","€1.53"
"dontmail.li","available","","€12.73"
"dontmail.london","available","","€11.03"
"dontmail.miami","available","","€21.23"
"dontmail.nagoya","available","","€14.43"
"dontmail.nl","available","","€6.36"
"dontmail.okinawa","available","","€15.28"
"dontmail.pw","available","","€5.93"
"dontmail.ryukyu","available","","€15.28"
"dontmail.tokyo","available","","€14.43"
"dontmail.uk","available","","€5.93"
"dontmail.vegas","available","","€16.98"
"dontmail.wales","available","","€11.03"
"dontmail.ws","available","","€10.18"
"dontmail.yokohama","available","","€14.43"
"dontmail.us.com","available","","€16.98"
"dontmail.gb.net","available","","€8.48"
"dontmail.com.se","available","","€8.48"
"dontmail.co.uk","available","","€5.93"
"dontmail.com.au","available","","€16.13"
"dontmail.com.de","available","","€5.08"
"dontmail.ae.org","available","","€16.98"
"dontmail.africa","available","","€9.33"
"dontmail.us.org","available","","€16.98"
"dontmail.com.mx","available","","€11.88"
"dontmail.de.com","available","","€15.28"
"dontmail.eu.com","available","","€15.28"
"dontmail.org.mx","available","","€18.68"
"dontmail.gr.com","available","","€12.73"
"dontmail.mex.com","available","","€11.03"
"dontmail.in.net","available","","€6.78"
"dontmail.jp.net","available","","€7.63"
"dontmail.org.uk","available","","€5.93"
"dontmail.me.uk","available","","€5.93"
"dontmail.org.au","available","","€16.13"
"dontmail.net.au","available","","€16.13"
"dontmail.com.es","available","","€16.13"
"dontmail.org.es","available","","€16.13"
"dontmail.nom.es","available","","€16.13"
"dontmail.boston","available","","€21.23"
"dontmail.co.in","available","","€6.78"
"dontmail.com.co","available","","€11.03"
"dontmail.co.im","available","","€4.23"
"dontmail.org.im","available","","€4.23"
"dontmail.net.im","available","","€4.23"
"dontmail.com.im","available","","€4.23"
"dontmail.page","available","","€11.03"
"dontmail.tips","available","","€11.03"
"dontmail.space","available","","€0.83"
"dontmail.vip","available","","€4.23"
"dontmail.work","available","","€2.53"
"dontmail.works","available","","€3.38"
"dontmail.diy","available","","€4.23"
"dontmail.click","available","","€1.53"
"dontmail.free","available","","€21.23"
"dontmail.help","available","","€2.38"
"dontmail.archi","available","","€12.73"
"dontmail.best","available","","€1.94"
"dontmail.bet","available","","€7.63"
"dontmail.cfd","available","","€1.18"
"dontmail.cyou","available","","€1.18"
"dontmail.day","available","","€11.03"
"dontmail.dev","available","","€5.93"
"dontmail.fit","available","","€2.53"
"dontmail.fyi","available","","€5.93"
"dontmail.gdn","available","","€10.18"
"dontmail.icu","available","","€2.37"
"dontmail.info","available","","€3.38"
"dontmail.ing","available","","€11.03"
"dontmail.mba","available","","€10.18"
"dontmail.meme","available","","€11.03"
"dontmail.mom","available","","€1.53"
"dontmail.ngo","available","","€16.13"
"dontmail.ong","available","","€16.13"
"dontmail.onl","available","","€3.38"
"dontmail.promo","available","","€10.18"
"dontmail.sbs","available","","€1.31"
"dontmail.tel","available","","€9.33"
"dontmail.channel","available","","€11.03"
"dontmail.fast","available","","€16.98"
"dontmailme.app","available","","€5.93"
"dontmailme.co","available","","€10.61"
"dontmailme.me","available","","€9.33"
"dontmailme.net","available","","€10.61"
"dontmailme.org","available","","€6.36"
"dontmailme.pro","available","","€3.38"
"dontmailme.shop","available","","€0.83"
"dontmailme.us","available","","€5.08"
"dontmailme.biz","available","","€7.21"
"dontmailme.my","available","","€2.53"
"dontmailme.now","available","","€21.23"
"dontmailme.one","available","","€3.38"
"dontmailme.you","available","","€13.58"
"dontmailme.online","available","","€0.83"
"dontmailme.site","available","","€0.83"
"dontmailme.live","available","","€2.53"
"dontmailme.top","available","","€2.53"
"dontmailme.ad","available","","€18.68"
"dontmailme.asia","available","","€1.68"
"dontmailme.bz","available","","€18.68"
"dontmailme.ca","available","","€10.18"
"dontmailme.cc","available","","€5.08"
"dontmailme.ch","available","","€16.13"
"dontmailme.cv","available","","€12.73"
"dontmailme.cx","available","","€16.98"
"dontmailme.cymru","available","","€11.03"
"dontmailme.eu","available","","€5.08"
"dontmailme.fr","available","","€15.28"
"dontmailme.id","available","","€19.53"
"dontmailme.im","available","","€4.23"
"dontmailme.in","available","","€8.48"
"dontmailme.lat","available","","€1.53"
"dontmailme.london","available","","€11.03"
"dontmailme.miami","available","","€21.23"
"dontmailme.nagoya","available","","€14.43"
"dontmailme.nl","available","","€6.36"
"dontmailme.okinawa","available","","€15.28"
"dontmailme.pw","available","","€5.93"
"dontmailme.ryukyu","available","","€15.28"
"dontmailme.tokyo","available","","€14.43"
"dontmailme.uk","available","","€5.93"
"dontmailme.vegas","available","","€16.98"
"dontmailme.wales","available","","€11.03"
"dontmailme.ws","available","","€10.18"
"dontmailme.yokohama","available","","€14.43"
"dontmailme.us.com","available","","€16.98"
"dontmailme.gb.net","available","","€8.48"
"dontmailme.com.se","available","","€8.48"
"dontmailme.co.uk","available","","€5.93"
"dontmailme.com.au","available","","€16.13"
"dontmailme.com.de","available","","€5.08"
"dontmailme.ae.org","available","","€16.98"
"dontmailme.africa","available","","€9.33"
"dontmailme.us.org","available","","€16.98"
"dontmailme.com.mx","available","","€11.88"
"dontmailme.de.com","available","","€15.28"
"dontmailme.eu.com","available","","€15.28"
"dontmailme.org.mx","available","","€18.68"
"dontmailme.gr.com","available","","€12.73"
"dontmailme.mex.com","available","","€11.03"
"dontmailme.in.net","available","","€6.78"
"dontmailme.jp.net","available","","€7.63"
"dontmailme.org.uk","available","","€5.93"
"dontmailme.me.uk","available","","€5.93"
"dontmailme.com.es","available","","€16.13"
"dontmailme.boston","available","","€21.23"
"dontmailme.co.in","available","","€6.78"
"dontmailme.com.co","available","","€11.03"
"dontmailme.page","available","","€11.03"
"dontmailme.tips","available","","€11.03"
"dontmailme.space","available","","€0.83"
"dontmailme.vip","available","","€4.23"
"dontmailme.work","available","","€2.53"
"dontmailme.works","available","","€3.38"
"dontmailme.diy","available","","€4.23"
"dontmailme.click","available","","€1.53"
"dontmailme.free","available","","€21.23"
"dontmailme.help","available","","€2.38"
"dontmailme.archi","available","","€12.73"
"dontmailme.best","available","","€1.94"
"dontmailme.bet","available","","€7.63"
"dontmailme.cfd","available","","€1.18"
"dontmailme.cyou","available","","€1.18"
"dontmailme.day","available","","€11.03"
"dontmailme.dev","available","","€5.93"
"dontmailme.fit","available","","€2.53"
"dontmailme.fyi","available","","€5.93"
"dontmailme.gdn","available","","€10.18"
"dontmailme.icu","available","","€2.37"
"dontmailme.info","available","","€3.38"
"dontmailme.ing","available","","€11.03"
"dontmailme.mba","available","","€10.18"
"dontmailme.meme","available","","€11.03"
"dontmailme.mom","available","","€1.53"
"dontmailme.ngo","available","","€16.13"
"dontmailme.ong","available","","€16.13"
"dontmailme.onl","available","","€3.38"
"dontmailme.promo","available","","€10.18"
"dontmailme.sbs","available","","€1.31"
"dontmailme.tel","available","","€9.33"
"dontmailme.channel","available","","€11.03"
"dontmailme.fast","available","","€16.98"
"unsubscribe.ad","available","","€18.68"
"unsubscribe.asia","available","","€1.68"
"unsubscribe.bz","available","","€18.68"
"unsubscribe.cx","available","","€16.98"
"unsubscribe.cymru","available","","€11.03"
"unsubscribe.im","available","","€4.23"
"unsubscribe.lat","available","","€1.53"
"unsubscribe.london","available","","€11.03"
"unsubscribe.miami","available","","€21.23"
"unsubscribe.nagoya","available","","€14.43"
"unsubscribe.okinawa","available","","€15.28"
"unsubscribe.pw","available","","€5.93"
"unsubscribe.ryukyu","available","","€15.28"
"unsubscribe.tokyo","available","","€14.43"
"unsubscribe.vegas","available","","€16.98"
"unsubscribe.wales","available","","€11.03"
"unsubscribe.yokohama","available","","€14.43"
"unsubscribe.gb.net","available","","€8.48"
"unsubscribe.com.se","available","","€8.48"
"unsubscribe.com.de","available","","€5.08"
"unsubscribe.ae.org","available","","€16.98"
"unsubscribe.africa","available","","€9.33"
"unsubscribe.us.org","available","","€16.98"
"unsubscribe.com.mx","available","","€11.88"
"unsubscribe.de.com","available","","€15.28"
"unsubscribe.eu.com","available","","€15.28"
"unsubscribe.org.mx","available","","€18.68"
"unsubscribe.gr.com","available","","€12.73"
"unsubscribe.mex.com","available","","€11.03"
"unsubscribe.in.net","available","","€6.78"
"unsubscribe.jp.net","available","","€7.63"
"unsubscribe.org.uk","available","","€5.93"
"unsubscribe.co.in","available","","€6.78"
"unsubscribe.tips","available","","€11.03"
"unsubscribe.works","available","","€3.38"
"unsubscribe.archi","available","","€12.73"
"unsubscribe.best","available","","€1.94"
"unsubscribe.bet","available","","€7.63"
"unsubscribe.cfd","available","","€1.18"
"unsubscribe.cyou","available","","€1.18"
"unsubscribe.fit","available","","€2.53"
"unsubscribe.gdn","available","","€10.18"
"unsubscribe.mba","available","","€10.18"
"unsubscribe.mom","available","","€1.53"
"unsubscribe.ngo","available","","€16.13"
"unsubscribe.ong","available","","€16.13"
"unsubscribe.onl","available","","€3.38"
"unsubscribe.promo","available","","€10.18"
"unsubscribe.sbs","available","","€1.31"
"unsubscriber.net","available","","€10.61"
"unsubscriber.org","available","","€6.36"
"unsubscriber.shop","available","","€0.83"
"unsubscriber.xyz","available","","€1.70"
"unsubscriber.us","available","","€5.08"
"unsubscriber.biz","available","","€7.21"
"unsubscriber.my","available","","€2.53"
"unsubscriber.now","available","","€21.23"
"unsubscriber.one","available","","€3.38"
"unsubscriber.you","available","","€13.58"
"unsubscriber.online","available","","€0.83"
"unsubscriber.live","available","","€2.53"
"unsubscriber.top","available","","€2.53"
"unsubscriber.ad","available","","€18.68"
"unsubscriber.asia","available","","€1.68"
"unsubscriber.bz","available","","€18.68"
"unsubscriber.cc","available","","€5.08"
"unsubscriber.ch","available","","€16.13"
"unsubscriber.cv","available","","€12.73"
"unsubscriber.cx","available","","€16.98"
"unsubscriber.cymru","available","","€11.03"
"unsubscriber.de","available","","€5.93"
"unsubscriber.fr","available","","€15.28"
"unsubscriber.im","available","","€4.23"
"unsubscriber.in","available","","€8.48"
"unsubscriber.lat","available","","€1.53"
"unsubscriber.london","available","","€11.03"
"unsubscriber.miami","available","","€21.23"
"unsubscriber.nagoya","available","","€14.43"
"unsubscriber.nl","available","","€6.36"
"unsubscriber.okinawa","available","","€15.28"
"unsubscriber.pw","available","","€5.93"
"unsubscriber.ryukyu","available","","€15.28"
"unsubscriber.tokyo","available","","€14.43"
"unsubscriber.uk","available","","€5.93"
"unsubscriber.vegas","available","","€16.98"
"unsubscriber.wales","available","","€11.03"
"unsubscriber.ws","available","","€10.18"
"unsubscriber.yokohama","available","","€14.43"
"unsubscriber.us.com","available","","€16.98"
"unsubscriber.gb.net","available","","€8.48"
"unsubscriber.com.se","available","","€8.48"
"unsubscriber.co.uk","available","","€5.93"
"unsubscriber.com.de","available","","€5.08"
"unsubscriber.ae.org","available","","€16.98"
"unsubscriber.africa","available","","€9.33"
"unsubscriber.us.org","available","","€16.98"
"unsubscriber.com.mx","available","","€11.88"
"unsubscriber.de.com","available","","€15.28"
"unsubscriber.eu.com","available","","€15.28"
"unsubscriber.org.mx","available","","€18.68"
"unsubscriber.gr.com","available","","€12.73"
"unsubscriber.mex.com","available","","€11.03"
"unsubscriber.in.net","available","","€6.78"
"unsubscriber.jp.net","available","","€7.63"
"unsubscriber.org.uk","available","","€5.93"
"unsubscriber.me.uk","available","","€5.93"
"unsubscriber.boston","available","","€21.23"
"unsubscriber.co.in","available","","€6.78"
"unsubscriber.com.co","available","","€11.03"
"unsubscriber.it.com","available","","€4.23"
"unsubscriber.page","available","","€11.03"
"unsubscriber.tips","available","","€11.03"
"unsubscriber.space","available","","€0.83"
"unsubscriber.vip","available","","€4.23"
"unsubscriber.work","available","","€2.53"
"unsubscriber.works","available","","€3.38"
"unsubscriber.diy","available","","€4.23"
"unsubscriber.click","available","","€1.53"
"unsubscriber.free","available","","€21.23"
"unsubscriber.help","available","","€2.38"
"unsubscriber.archi","available","","€12.73"
"unsubscriber.best","available","","€1.94"
"unsubscriber.bet","available","","€7.63"
"unsubscriber.cfd","available","","€1.18"
"unsubscriber.cyou","available","","€1.18"
"unsubscriber.day","available","","€11.03"
"unsubscriber.dev","available","","€5.93"
"unsubscriber.fit","available","","€2.53"
"unsubscriber.fyi","available","","€5.93"
"unsubscriber.gdn","available","","€10.18"
"unsubscriber.icu","available","","€2.37"
"unsubscriber.info","available","","€3.38"
"unsubscriber.ing","available","","€11.03"
"unsubscriber.mba","available","","€10.18"
"unsubscriber.meme","available","","€11.03"
"unsubscriber.mom","available","","€1.53"
"unsubscriber.ngo","available","","€16.13"
"unsubscriber.ong","available","","€16.13"
"unsubscriber.onl","available","","€3.38"
"unsubscriber.promo","available","","€10.18"
"unsubscriber.sbs","available","","€1.31"
"unsubscriber.tel","available","","€9.33"
"unsubscriber.channel","available","","€11.03"
"unsubscriber.fast","available","","€16.98"
"unmailme.app","available","","€5.93"
"unmailme.co","available","","€10.61"
"unmailme.me","available","","€9.33"
"unmailme.net","available","","€10.61"
"unmailme.org","available","","€6.36"
"unmailme.pro","available","","€3.38"
"unmailme.shop","available","","€0.83"
"unmailme.xyz","available","","€1.70"
"unmailme.us","available","","€5.08"
"unmailme.biz","available","","€7.21"
"unmailme.my","available","","€2.53"
"unmailme.now","available","","€21.23"
"unmailme.one","available","","€3.38"
"unmailme.you","available","","€13.58"
"unmailme.online","available","","€0.83"
"unmailme.site","available","","€0.83"
"unmailme.live","available","","€2.53"
"unmailme.top","available","","€2.53"
"unmailme.ad","available","","€18.68"
"unmailme.asia","available","","€1.68"
"unmailme.bz","available","","€18.68"
"unmailme.ca","available","","€10.18"
"unmailme.cc","available","","€5.08"
"unmailme.ch","available","","€16.13"
"unmailme.cv","available","","€12.73"
"unmailme.cx","available","","€16.98"
"unmailme.cymru","available","","€11.03"
"unmailme.de","available","","€5.93"
"unmailme.eu","available","","€5.08"
"unmailme.fr","available","","€15.28"
"unmailme.in","available","","€8.48"
"unmailme.lat","available","","€1.53"
"unmailme.london","available","","€11.03"
"unmailme.miami","available","","€21.23"
"unmailme.nagoya","available","","€14.43"
"unmailme.nl","available","","€6.36"
"unmailme.okinawa","available","","€15.28"
"unmailme.pw","available","","€5.93"
"unmailme.ryukyu","available","","€15.28"
"unmailme.tokyo","available","","€14.43"
"unmailme.uk","available","","€5.93"
"unmailme.vegas","available","","€16.98"
"unmailme.wales","available","","€11.03"
"unmailme.ws","available","","€10.18"
"unmailme.yokohama","available","","€14.43"
"unmailme.us.com","available","","€16.98"
"unmailme.gb.net","available","","€8.48"
"unmailme.com.se","available","","€8.48"
"unmailme.co.uk","available","","€5.93"
"unmailme.com.au","available","","€16.13"
"unmailme.com.de","available","","€5.08"
"unmailme.ae.org","available","","€16.98"
"unmailme.africa","available","","€9.33"
"unmailme.us.org","available","","€16.98"
"unmailme.com.mx","available","","€11.88"
"unmailme.de.com","available","","€15.28"
"unmailme.eu.com","available","","€15.28"
"unmailme.org.mx","available","","€18.68"
"unmailme.gr.com","available","","€12.73"
"unmailme.mex.com","available","","€11.03"
"unmailme.in.net","available","","€6.78"
"unmailme.jp.net","available","","€7.63"
"unmailme.org.uk","available","","€5.93"
"unmailme.me.uk","available","","€5.93"
"unmailme.boston","available","","€21.23"
"unmailme.co.in","available","","€6.78"
"unmailme.com.co","available","","€11.03"
"unmailme.page","available","","€11.03"
"unmailme.tips","available","","€11.03"
"unmailme.space","available","","€0.83"
"unmailme.vip","available","","€4.23"
"unmailme.work","available","","€2.53"
"unmailme.works","available","","€3.38"
"unmailme.diy","available","","€4.23"
"unmailme.click","available","","€1.53"
"unmailme.free","available","","€21.23"
"unmailme.help","available","","€2.38"
"unmailme.archi","available","","€12.73"
"unmailme.best","available","","€1.94"
"unmailme.bet","available","","€7.63"
"unmailme.cfd","available","","€1.18"
"unmailme.cyou","available","","€1.18"
"unmailme.day","available","","€11.03"
"unmailme.dev","available","","€5.93"
"unmailme.fit","available","","€2.53"
"unmailme.fyi","available","","€5.93"
"unmailme.gdn","available","","€10.18"
"unmailme.icu","available","","€2.37"
"unmailme.info","available","","€3.38"
"unmailme.ing","available","","€11.03"
"unmailme.mba","available","","€10.18"
"unmailme.meme","available","","€11.03"
"unmailme.mom","available","","€1.53"
"unmailme.ngo","available","","€16.13"
"unmailme.ong","available","","€16.13"
"unmailme.onl","available","","€3.38"
"unmailme.promo","available","","€10.18"
"unmailme.sbs","available","","€1.31"
"unmailme.tel","available","","€9.33"
"unmailme.channel","available","","€11.03"
"unmailme.fast","available","","€16.98"
"mailmenot.app","available","","€5.93"
"mailmenot.co","available","","€10.61"
"mailmenot.me","available","","€9.33"
"mailmenot.pro","available","","€3.38"
"mailmenot.shop","available","","€0.83"
"mailmenot.xyz","available","","€1.70"
"mailmenot.us","available","","€5.08"
"mailmenot.biz","available","","€7.21"
"mailmenot.my","available","","€2.53"
"mailmenot.now","available","","€21.23"
"mailmenot.one","available","","€3.38"
"mailmenot.you","available","","€13.58"
"mailmenot.online","available","","€0.83"
"mailmenot.site","available","","€0.83"
"mailmenot.live","available","","€2.53"
"mailmenot.top","available","","€2.53"
"mailmenot.ad","available","","€18.68"
"mailmenot.asia","available","","€1.68"
"mailmenot.bz","available","","€18.68"
"mailmenot.ca","available","","€10.18"
"mailmenot.cc","available","","€5.08"
"mailmenot.ch","available","","€16.13"
"mailmenot.cv","available","","€12.73"
"mailmenot.cx","available","","€16.98"
"mailmenot.cymru","available","","€11.03"
"mailmenot.eu","available","","€5.08"
"mailmenot.fr","available","","€15.28"
"mailmenot.im","available","","€4.23"
"mailmenot.in","available","","€8.48"
"mailmenot.lat","available","","€1.53"
"mailmenot.london","available","","€11.03"
"mailmenot.miami","available","","€21.23"
"mailmenot.nagoya","available","","€14.43"
"mailmenot.nl","available","","€6.36"
"mailmenot.okinawa","available","","€15.28"
"mailmenot.pw","available","","€5.93"
"mailmenot.ryukyu","available","","€15.28"
"mailmenot.tokyo","available","","€14.43"
"mailmenot.uk","available","","€5.93"
"mailmenot.vegas","available","","€16.98"
"mailmenot.wales","available","","€11.03"
"mailmenot.ws","available","","€10.18"
"mailmenot.yokohama","available","","€14.43"
"mailmenot.us.com","available","","€16.98"
"mailmenot.gb.net","available","","€8.48"
"mailmenot.com.se","available","","€8.48"
"mailmenot.co.uk","available","","€5.93"
"mailmenot.com.au","available","","€16.13"
"mailmenot.com.de","available","","€5.08"
"mailmenot.ae.org","available","","€16.98"
"mailmenot.africa","available","","€9.33"
"mailmenot.us.org","available","","€16.98"
"mailmenot.com.mx","available","","€11.88"
"mailmenot.de.com","available","","€15.28"
"mailmenot.eu.com","available","","€15.28"
"mailmenot.org.mx","available","","€18.68"
"mailmenot.gr.com","available","","€12.73"
"mailmenot.mex.com","available","","€11.03"
"mailmenot.in.net","available","","€6.78"
"mailmenot.jp.net","available","","€7.63"
"mailmenot.org.uk","available","","€5.93"
"mailmenot.me.uk","available","","€5.93"
"mailmenot.boston","available","","€21.23"
"mailmenot.co.in","available","","€6.78"
"mailmenot.com.co","available","","€11.03"
"mailmenot.page","available","","€11.03"
"mailmenot.tips","available","","€11.03"
"mailmenot.space","available","","€0.83"
"mailmenot.vip","available","","€4.23"
"mailmenot.work","available","","€2.53"
"mailmenot.works","available","","€3.38"
"mailmenot.diy","available","","€4.23"
"mailmenot.click","available","","€1.53"
"mailmenot.free","available","","€21.23"
"mailmenot.help","available","","€2.38"
"mailmenot.archi","available","","€12.73"
"mailmenot.best","available","","€1.94"
"mailmenot.bet","available","","€7.63"
"mailmenot.cfd","available","","€1.18"
"mailmenot.cyou","available","","€1.18"
"mailmenot.day","available","","€11.03"
"mailmenot.dev","available","","€5.93"
"mailmenot.fit","available","","€2.53"
"mailmenot.fyi","available","","€5.93"
"mailmenot.gdn","available","","€10.18"
"mailmenot.icu","available","","€2.37"
"mailmenot.info","available","","€3.38"
"mailmenot.ing","available","","€11.03"
"mailmenot.mba","available","","€10.18"
"mailmenot.meme","available","","€11.03"
"mailmenot.mom","available","","€1.53"
"mailmenot.ngo","available","","€16.13"
"mailmenot.ong","available","","€16.13"
"mailmenot.onl","available","","€3.38"
"mailmenot.promo","available","","€10.18"
"mailmenot.sbs","available","","€1.31"
"mailmenot.tel","available","","€9.33"
"mailmenot.channel","available","","€11.03"
"mailmenot.fast","available","","€16.98"
"nonewsletter.app","available","","€5.93"
"nonewsletter.co","available","","€10.61"
"nonewsletter.me","available","","€9.33"
"nonewsletter.net","available","","€10.61"
"nonewsletter.org","available","","€6.36"
"nonewsletter.pro","available","","€3.38"
"nonewsletter.shop","available","","€0.83"
"nonewsletter.xyz","available","","€1.70"
"nonewsletter.us","available","","€5.08"
"nonewsletter.biz","available","","€7.21"
"nonewsletter.my","available","","€2.53"
"nonewsletter.now","available","","€21.23"
"nonewsletter.one","available","","€3.38"
"nonewsletter.you","available","","€13.58"
"nonewsletter.online","available","","€0.83"
"nonewsletter.site","available","","€0.83"
"nonewsletter.live","available","","€2.53"
"nonewsletter.top","available","","€2.53"
"nonewsletter.ad","available","","€18.68"
"nonewsletter.asia","available","","€1.68"
"nonewsletter.bz","available","","€18.68"
"nonewsletter.ca","available","","€10.18"
"nonewsletter.cc","available","","€5.08"
"nonewsletter.ch","available","","€16.13"
"nonewsletter.cv","available","","€12.73"
"nonewsletter.cx","available","","€16.98"
"nonewsletter.cymru","available","","€11.03"
"nonewsletter.de","available","","€5.93"
"nonewsletter.eu","available","","€5.08"
"nonewsletter.fr","available","","€15.28"
"nonewsletter.id","available","","€19.53"
"nonewsletter.in","available","","€8.48"
"nonewsletter.lat","available","","€1.53"
"nonewsletter.london","available","","€11.03"
"nonewsletter.miami","available","","€21.23"
"nonewsletter.nagoya","available","","€14.43"
"nonewsletter.nl","available","","€6.36"
"nonewsletter.okinawa","available","","€15.28"
"nonewsletter.pw","available","","€5.93"
"nonewsletter.ryukyu","available","","€15.28"
"nonewsletter.tokyo","available","","€14.43"
"nonewsletter.uk","available","","€5.93"
"nonewsletter.vegas","available","","€16.98"
"nonewsletter.wales","available","","€11.03"
"nonewsletter.ws","available","","€10.18"
"nonewsletter.yokohama","available","","€14.43"
"nonewsletter.us.com","available","","€16.98"
"nonewsletter.gb.net","available","","€8.48"
"nonewsletter.com.se","available","","€8.48"
"nonewsletter.co.uk","available","","€5.93"
"nonewsletter.com.au","available","","€16.13"
"nonewsletter.com.de","available","","€5.08"
"nonewsletter.ae.org","available","","€16.98"
"nonewsletter.africa","available","","€9.33"
"nonewsletter.us.org","available","","€16.98"
"nonewsletter.com.mx","available","","€11.88"
"nonewsletter.de.com","available","","€15.28"
"nonewsletter.eu.com","available","","€15.28"
"nonewsletter.org.mx","available","","€18.68"
"nonewsletter.gr.com","available","","€12.73"
"nonewsletter.mex.com","available","","€11.03"
"nonewsletter.in.net","available","","€6.78"
"nonewsletter.jp.net","available","","€7.63"
"nonewsletter.org.uk","available","","€5.93"
"nonewsletter.me.uk","available","","€5.93"
"nonewsletter.boston","available","","€21.23"
"nonewsletter.co.in","available","","€6.78"
"nonewsletter.com.co","available","","€11.03"
"nonewsletter.it.com","available","","€4.23"
"nonewsletter.page","available","","€11.03"
"nonewsletter.tips","available","","€11.03"
"nonewsletter.space","available","","€0.83"
"nonewsletter.vip","available","","€4.23"
"nonewsletter.work","available","","€2.53"
"nonewsletter.works","available","","€3.38"
"nonewsletter.diy","available","","€4.23"
"nonewsletter.click","available","","€1.53"
"nonewsletter.free","available","","€21.23"
"nonewsletter.help","available","","€2.38"
"nonewsletter.archi","available","","€12.73"
"nonewsletter.best","available","","€1.94"
"nonewsletter.bet","available","","€7.63"
"nonewsletter.cfd","available","","€1.18"
"nonewsletter.cyou","available","","€1.18"
"nonewsletter.day","available","","€11.03"
"nonewsletter.dev","available","","€5.93"
"nonewsletter.fit","available","","€2.53"
"nonewsletter.fyi","available","","€5.93"
"nonewsletter.gdn","available","","€10.18"
"nonewsletter.icu","available","","€2.37"
"nonewsletter.info","available","","€3.38"
"nonewsletter.ing","available","","€11.03"
"nonewsletter.mba","available","","€10.18"
"nonewsletter.meme","available","","€11.03"
"nonewsletter.mom","available","","€1.53"
"nonewsletter.ngo","available","","€16.13"
"nonewsletter.ong","available","","€16.13"
"nonewsletter.onl","available","","€3.38"
"nonewsletter.promo","available","","€10.18"
"nonewsletter.sbs","available","","€1.31"
"nonewsletter.tel","available","","€9.33"
"nonewsletter.channel","available","","€11.03"
"nonewsletter.fast","available","","€16.98"
"nomorenews.app","available","","€5.93"
"nomorenews.co","available","","€10.61"
"nomorenews.me","available","","€9.33"
"nomorenews.net","available","","€10.61"
"nomorenews.org","available","","€6.36"
"nomorenews.pro","available","","€3.38"
"nomorenews.shop","available","","€0.83"
"nomorenews.xyz","available","","€1.70"
"nomorenews.us","available","","€5.08"
"nomorenews.biz","available","","€7.21"
"nomorenews.my","available","","€2.53"
"nomorenews.now","available","","€21.23"
"nomorenews.one","available","","€3.38"
"nomorenews.you","available","","€13.58"
"nomorenews.online","available","","€0.83"
"nomorenews.site","available","","€0.83"
"nomorenews.live","available","","€2.53"
"nomorenews.top","available","","€2.53"
"nomorenews.ad","available","","€18.68"
"nomorenews.asia","available","","€1.68"
"nomorenews.bz","available","","€18.68"
"nomorenews.ca","available","","€10.18"
"nomorenews.cc","available","","€5.08"
"nomorenews.ch","available","","€16.13"
"nomorenews.cv","available","","€12.73"
"nomorenews.cx","available","","€16.98"
"nomorenews.cymru","available","","€11.03"
"nomorenews.de","available","","€5.93"
"nomorenews.eu","available","","€5.08"
"nomorenews.id","available","","€19.53"
"nomorenews.in","available","","€8.48"
"nomorenews.lat","available","","€1.53"
"nomorenews.london","available","","€11.03"
"nomorenews.miami","available","","€21.23"
"nomorenews.nagoya","available","","€14.43"
"nomorenews.nl","available","","€6.36"
"nomorenews.okinawa","available","","€15.28"
"nomorenews.pw","available","","€5.93"
"nomorenews.ryukyu","available","","€15.28"
"nomorenews.tokyo","available","","€14.43"
"nomorenews.uk","available","","€5.93"
"nomorenews.vegas","available","","€16.98"
"nomorenews.wales","available","","€11.03"
"nomorenews.ws","available","","€10.18"
"nomorenews.yokohama","available","","€14.43"
"nomorenews.us.com","available","","€16.98"
"nomorenews.gb.net","available","","€8.48"
"nomorenews.com.se","available","","€8.48"
"nomorenews.co.uk","available","","€5.93"
"nomorenews.com.au","available","","€16.13"
"nomorenews.com.de","available","","€5.08"
"nomorenews.ae.org","available","","€16.98"
"nomorenews.africa","available","","€9.33"
"nomorenews.us.org","available","","€16.98"
"nomorenews.com.mx","available","","€11.88"
"nomorenews.de.com","available","","€15.28"
"nomorenews.eu.com","available","","€15.28"
"nomorenews.org.mx","available","","€18.68"
"nomorenews.gr.com","available","","€12.73"
"nomorenews.mex.com","available","","€11.03"
"nomorenews.in.net","available","","€6.78"
"nomorenews.jp.net","available","","€7.63"
"nomorenews.org.uk","available","","€5.93"
"nomorenews.me.uk","available","","€5.93"
"nomorenews.boston","available","","€21.23"
"nomorenews.co.in","available","","€6.78"
"nomorenews.com.co","available","","€11.03"
"nomorenews.it.com","available","","€4.23"
"nomorenews.page","available","","€11.03"
"nomorenews.tips","available","","€11.03"
"nomorenews.space","available","","€0.83"
"nomorenews.vip","available","","€4.23"
"nomorenews.work","available","","€2.53"
"nomorenews.works","available","","€3.38"
"nomorenews.diy","available","","€4.23"
"nomorenews.click","available","","€1.53"
"nomorenews.free","available","","€21.23"
"nomorenews.help","available","","€2.38"
"nomorenews.archi","available","","€12.73"
"nomorenews.best","available","","€1.94"
"nomorenews.bet","available","","€7.63"
"nomorenews.cfd","available","","€1.18"
"nomorenews.cyou","available","","€1.18"
"nomorenews.day","available","","€11.03"
"nomorenews.dev","available","","€5.93"
"nomorenews.fit","available","","€2.53"
"nomorenews.fyi","available","","€5.93"
"nomorenews.gdn","available","","€10.18"
"nomorenews.icu","available","","€2.37"
"nomorenews.info","available","","€3.38"
"nomorenews.ing","available","","€11.03"
"nomorenews.mba","available","","€10.18"
"nomorenews.meme","available","","€11.03"
"nomorenews.mom","available","","€1.53"
"nomorenews.ngo","available","","€16.13"
"nomorenews.ong","available","","€16.13"
"nomorenews.onl","available","","€3.38"
"nomorenews.promo","available","","€10.18"
"nomorenews.sbs","available","","€1.31"
"nomorenews.tel","available","","€9.33"
"nomorenews.channel","available","","€11.03"
"nomorenews.fast","available","","€16.98"
"nomore.news","available","","€7.63"
"nomorene.ws","available","","€10.18"